<project xmlns:xsi="http://www.w3.org/2001/XMLSchema-instance" xmlns="http://maven.apache.org/POM/4.0.0"
         xsi:schemaLocation="http://maven.apache.org/POM/4.0.0 http://maven.apache.org/xsd/maven-4.0.0.xsd">
  <modelVersion>4.0.0</modelVersion>

  <parent>
    <groupId>org.agoncal.fascicle</groupId>
    <artifactId>quarkus-practicing</artifactId>
    <version>1.0</version>
  </parent>

  <groupId>org.agoncal.fascicle.quarkus-practicing</groupId>
  <artifactId>rest-number</artifactId>
  <version>1.0</version>
  <name>Practicing Quarkus :: Numbers REST Microservice</name>

</project>
